{"products":[{"id":"0.17758494413181247","qty":1}],"totalPrice":0.9900000000000091}